triangle_store,triangle_store._tri_id,triangle_store._pt1,triangle_store._pt2,triangle_store._pt3,triangle_store._mid_pt,triangle_store._e1,triangle_store._e2,triangle_store._e3,triangle_store._circum_center,triangle_store._circum_circle_radius,triangle_store._shortest_edge,triangle_store.tri_id,triangle_store.pt1,triangle_store.pt2,triangle_store.pt3,triangle_store.e1,triangle_store.e2,triangle_store.e3,triangle_store.mid_pt,triangle_store.circum_center,triangle_store.circumradius_shortest_edge_ratio,triangle_store.circum_radius,triangle_store.shortest_edge
DelaunayGenericTriangulation.DelaunayGenericAlgorithm+mesh_store+triangle_store,0,DelaunayGenericTriangulation.DelaunayGenericAlgorithm+mesh_store+point_store,DelaunayGenericTriangulation.DelaunayGenericAlgorithm+mesh_store+point_store,DelaunayGenericTriangulation.DelaunayGenericAlgorithm+mesh_store+point_store,DelaunayGenericTriangulation.DelaunayGenericAlgorithm+mesh_store+point_store,DelaunayGenericTriangulation.DelaunayGenericAlgorithm+mesh_store+edge_store,DelaunayGenericTriangulation.DelaunayGenericAlgorithm+mesh_store+edge_store,DelaunayGenericTriangulation.DelaunayGenericAlgorithm+mesh_store+edge_store,DelaunayGenericTriangulation.DelaunayGenericAlgorithm+mesh_store+point_store,62856.7853971303,54,0,DelaunayGenericTriangulation.DelaunayGenericAlgorithm+mesh_store+point_store,DelaunayGenericTriangulation.DelaunayGenericAlgorithm+mesh_store+point_store,DelaunayGenericTriangulation.DelaunayGenericAlgorithm+mesh_store+point_store,DelaunayGenericTriangulation.DelaunayGenericAlgorithm+mesh_store+edge_store,DelaunayGenericTriangulation.DelaunayGenericAlgorithm+mesh_store+edge_store,DelaunayGenericTriangulation.DelaunayGenericAlgorithm+mesh_store+edge_store,DelaunayGenericTriangulation.DelaunayGenericAlgorithm+mesh_store+point_store,DelaunayGenericTriangulation.DelaunayGenericAlgorithm+mesh_store+point_store,1164.0145443913,62856.7853971303,54
DelaunayGenericTriangulation.DelaunayGenericAlgorithm+mesh_store+triangle_store,1,DelaunayGenericTriangulation.DelaunayGenericAlgorithm+mesh_store+point_store,DelaunayGenericTriangulation.DelaunayGenericAlgorithm+mesh_store+point_store,DelaunayGenericTriangulation.DelaunayGenericAlgorithm+mesh_store+point_store,DelaunayGenericTriangulation.DelaunayGenericAlgorithm+mesh_store+point_store,DelaunayGenericTriangulation.DelaunayGenericAlgorithm+mesh_store+edge_store,DelaunayGenericTriangulation.DelaunayGenericAlgorithm+mesh_store+edge_store,DelaunayGenericTriangulation.DelaunayGenericAlgorithm+mesh_store+edge_store,DelaunayGenericTriangulation.DelaunayGenericAlgorithm+mesh_store+point_store,45,54,1,DelaunayGenericTriangulation.DelaunayGenericAlgorithm+mesh_store+point_store,DelaunayGenericTriangulation.DelaunayGenericAlgorithm+mesh_store+point_store,DelaunayGenericTriangulation.DelaunayGenericAlgorithm+mesh_store+point_store,DelaunayGenericTriangulation.DelaunayGenericAlgorithm+mesh_store+edge_store,DelaunayGenericTriangulation.DelaunayGenericAlgorithm+mesh_store+edge_store,DelaunayGenericTriangulation.DelaunayGenericAlgorithm+mesh_store+edge_store,DelaunayGenericTriangulation.DelaunayGenericAlgorithm+mesh_store+point_store,DelaunayGenericTriangulation.DelaunayGenericAlgorithm+mesh_store+point_store,0.833333333333333,45,54
DelaunayGenericTriangulation.DelaunayGenericAlgorithm+mesh_store+triangle_store,2,DelaunayGenericTriangulation.DelaunayGenericAlgorithm+mesh_store+point_store,DelaunayGenericTriangulation.DelaunayGenericAlgorithm+mesh_store+point_store,DelaunayGenericTriangulation.DelaunayGenericAlgorithm+mesh_store+point_store,DelaunayGenericTriangulation.DelaunayGenericAlgorithm+mesh_store+point_store,DelaunayGenericTriangulation.DelaunayGenericAlgorithm+mesh_store+edge_store,DelaunayGenericTriangulation.DelaunayGenericAlgorithm+mesh_store+edge_store,DelaunayGenericTriangulation.DelaunayGenericAlgorithm+mesh_store+edge_store,DelaunayGenericTriangulation.DelaunayGenericAlgorithm+mesh_store+point_store,99117.9912009033,63117.2316408126,2,DelaunayGenericTriangulation.DelaunayGenericAlgorithm+mesh_store+point_store,DelaunayGenericTriangulation.DelaunayGenericAlgorithm+mesh_store+point_store,DelaunayGenericTriangulation.DelaunayGenericAlgorithm+mesh_store+point_store,DelaunayGenericTriangulation.DelaunayGenericAlgorithm+mesh_store+edge_store,DelaunayGenericTriangulation.DelaunayGenericAlgorithm+mesh_store+edge_store,DelaunayGenericTriangulation.DelaunayGenericAlgorithm+mesh_store+edge_store,DelaunayGenericTriangulation.DelaunayGenericAlgorithm+mesh_store+point_store,DelaunayGenericTriangulation.DelaunayGenericAlgorithm+mesh_store+point_store,1.5703792549864,99117.9912009033,63117.2316408126
DelaunayGenericTriangulation.DelaunayGenericAlgorithm+mesh_store+triangle_store,3,DelaunayGenericTriangulation.DelaunayGenericAlgorithm+mesh_store+point_store,DelaunayGenericTriangulation.DelaunayGenericAlgorithm+mesh_store+point_store,DelaunayGenericTriangulation.DelaunayGenericAlgorithm+mesh_store+point_store,DelaunayGenericTriangulation.DelaunayGenericAlgorithm+mesh_store+point_store,DelaunayGenericTriangulation.DelaunayGenericAlgorithm+mesh_store+edge_store,DelaunayGenericTriangulation.DelaunayGenericAlgorithm+mesh_store+edge_store,DelaunayGenericTriangulation.DelaunayGenericAlgorithm+mesh_store+edge_store,DelaunayGenericTriangulation.DelaunayGenericAlgorithm+mesh_store+point_store,44491.2122419137,38.1837661840736,3,DelaunayGenericTriangulation.DelaunayGenericAlgorithm+mesh_store+point_store,DelaunayGenericTriangulation.DelaunayGenericAlgorithm+mesh_store+point_store,DelaunayGenericTriangulation.DelaunayGenericAlgorithm+mesh_store+point_store,DelaunayGenericTriangulation.DelaunayGenericAlgorithm+mesh_store+edge_store,DelaunayGenericTriangulation.DelaunayGenericAlgorithm+mesh_store+edge_store,DelaunayGenericTriangulation.DelaunayGenericAlgorithm+mesh_store+edge_store,DelaunayGenericTriangulation.DelaunayGenericAlgorithm+mesh_store+point_store,DelaunayGenericTriangulation.DelaunayGenericAlgorithm+mesh_store+point_store,1165.18658812841,44491.2122419137,38.1837661840736
DelaunayGenericTriangulation.DelaunayGenericAlgorithm+mesh_store+triangle_store,4,DelaunayGenericTriangulation.DelaunayGenericAlgorithm+mesh_store+point_store,DelaunayGenericTriangulation.DelaunayGenericAlgorithm+mesh_store+point_store,DelaunayGenericTriangulation.DelaunayGenericAlgorithm+mesh_store+point_store,DelaunayGenericTriangulation.DelaunayGenericAlgorithm+mesh_store+point_store,DelaunayGenericTriangulation.DelaunayGenericAlgorithm+mesh_store+edge_store,DelaunayGenericTriangulation.DelaunayGenericAlgorithm+mesh_store+edge_store,DelaunayGenericTriangulation.DelaunayGenericAlgorithm+mesh_store+edge_store,DelaunayGenericTriangulation.DelaunayGenericAlgorithm+mesh_store+point_store,37.1079506305589,18,4,DelaunayGenericTriangulation.DelaunayGenericAlgorithm+mesh_store+point_store,DelaunayGenericTriangulation.DelaunayGenericAlgorithm+mesh_store+point_store,DelaunayGenericTriangulation.DelaunayGenericAlgorithm+mesh_store+point_store,DelaunayGenericTriangulation.DelaunayGenericAlgorithm+mesh_store+edge_store,DelaunayGenericTriangulation.DelaunayGenericAlgorithm+mesh_store+edge_store,DelaunayGenericTriangulation.DelaunayGenericAlgorithm+mesh_store+edge_store,DelaunayGenericTriangulation.DelaunayGenericAlgorithm+mesh_store+point_store,DelaunayGenericTriangulation.DelaunayGenericAlgorithm+mesh_store+point_store,2.06155281280883,37.1079506305589,18
DelaunayGenericTriangulation.DelaunayGenericAlgorithm+mesh_store+triangle_store,5,DelaunayGenericTriangulation.DelaunayGenericAlgorithm+mesh_store+point_store,DelaunayGenericTriangulation.DelaunayGenericAlgorithm+mesh_store+point_store,DelaunayGenericTriangulation.DelaunayGenericAlgorithm+mesh_store+point_store,DelaunayGenericTriangulation.DelaunayGenericAlgorithm+mesh_store+point_store,DelaunayGenericTriangulation.DelaunayGenericAlgorithm+mesh_store+edge_store,DelaunayGenericTriangulation.DelaunayGenericAlgorithm+mesh_store+edge_store,DelaunayGenericTriangulation.DelaunayGenericAlgorithm+mesh_store+edge_store,DelaunayGenericTriangulation.DelaunayGenericAlgorithm+mesh_store+point_store,33.5410196624968,38.1837661840736,5,DelaunayGenericTriangulation.DelaunayGenericAlgorithm+mesh_store+point_store,DelaunayGenericTriangulation.DelaunayGenericAlgorithm+mesh_store+point_store,DelaunayGenericTriangulation.DelaunayGenericAlgorithm+mesh_store+point_store,DelaunayGenericTriangulation.DelaunayGenericAlgorithm+mesh_store+edge_store,DelaunayGenericTriangulation.DelaunayGenericAlgorithm+mesh_store+edge_store,DelaunayGenericTriangulation.DelaunayGenericAlgorithm+mesh_store+edge_store,DelaunayGenericTriangulation.DelaunayGenericAlgorithm+mesh_store+point_store,DelaunayGenericTriangulation.DelaunayGenericAlgorithm+mesh_store+point_store,0.878410461157883,33.5410196624968,38.1837661840736
DelaunayGenericTriangulation.DelaunayGenericAlgorithm+mesh_store+triangle_store,6,DelaunayGenericTriangulation.DelaunayGenericAlgorithm+mesh_store+point_store,DelaunayGenericTriangulation.DelaunayGenericAlgorithm+mesh_store+point_store,DelaunayGenericTriangulation.DelaunayGenericAlgorithm+mesh_store+point_store,DelaunayGenericTriangulation.DelaunayGenericAlgorithm+mesh_store+point_store,DelaunayGenericTriangulation.DelaunayGenericAlgorithm+mesh_store+edge_store,DelaunayGenericTriangulation.DelaunayGenericAlgorithm+mesh_store+edge_store,DelaunayGenericTriangulation.DelaunayGenericAlgorithm+mesh_store+edge_store,DelaunayGenericTriangulation.DelaunayGenericAlgorithm+mesh_store+point_store,44548.1113252225,38.1837661840736,6,DelaunayGenericTriangulation.DelaunayGenericAlgorithm+mesh_store+point_store,DelaunayGenericTriangulation.DelaunayGenericAlgorithm+mesh_store+point_store,DelaunayGenericTriangulation.DelaunayGenericAlgorithm+mesh_store+point_store,DelaunayGenericTriangulation.DelaunayGenericAlgorithm+mesh_store+edge_store,DelaunayGenericTriangulation.DelaunayGenericAlgorithm+mesh_store+edge_store,DelaunayGenericTriangulation.DelaunayGenericAlgorithm+mesh_store+edge_store,DelaunayGenericTriangulation.DelaunayGenericAlgorithm+mesh_store+point_store,DelaunayGenericTriangulation.DelaunayGenericAlgorithm+mesh_store+point_store,1166.67672618956,44548.1113252225,38.1837661840736
DelaunayGenericTriangulation.DelaunayGenericAlgorithm+mesh_store+triangle_store,7,DelaunayGenericTriangulation.DelaunayGenericAlgorithm+mesh_store+point_store,DelaunayGenericTriangulation.DelaunayGenericAlgorithm+mesh_store+point_store,DelaunayGenericTriangulation.DelaunayGenericAlgorithm+mesh_store+point_store,DelaunayGenericTriangulation.DelaunayGenericAlgorithm+mesh_store+point_store,DelaunayGenericTriangulation.DelaunayGenericAlgorithm+mesh_store+edge_store,DelaunayGenericTriangulation.DelaunayGenericAlgorithm+mesh_store+edge_store,DelaunayGenericTriangulation.DelaunayGenericAlgorithm+mesh_store+edge_store,DelaunayGenericTriangulation.DelaunayGenericAlgorithm+mesh_store+point_store,44547.9078766867,62748.0413080759,7,DelaunayGenericTriangulation.DelaunayGenericAlgorithm+mesh_store+point_store,DelaunayGenericTriangulation.DelaunayGenericAlgorithm+mesh_store+point_store,DelaunayGenericTriangulation.DelaunayGenericAlgorithm+mesh_store+point_store,DelaunayGenericTriangulation.DelaunayGenericAlgorithm+mesh_store+edge_store,DelaunayGenericTriangulation.DelaunayGenericAlgorithm+mesh_store+edge_store,DelaunayGenericTriangulation.DelaunayGenericAlgorithm+mesh_store+edge_store,DelaunayGenericTriangulation.DelaunayGenericAlgorithm+mesh_store+point_store,DelaunayGenericTriangulation.DelaunayGenericAlgorithm+mesh_store+point_store,0.709948979251297,44547.9078766867,62748.0413080759
DelaunayGenericTriangulation.DelaunayGenericAlgorithm+mesh_store+triangle_store,8,DelaunayGenericTriangulation.DelaunayGenericAlgorithm+mesh_store+point_store,DelaunayGenericTriangulation.DelaunayGenericAlgorithm+mesh_store+point_store,DelaunayGenericTriangulation.DelaunayGenericAlgorithm+mesh_store+point_store,DelaunayGenericTriangulation.DelaunayGenericAlgorithm+mesh_store+point_store,DelaunayGenericTriangulation.DelaunayGenericAlgorithm+mesh_store+edge_store,DelaunayGenericTriangulation.DelaunayGenericAlgorithm+mesh_store+edge_store,DelaunayGenericTriangulation.DelaunayGenericAlgorithm+mesh_store+edge_store,DelaunayGenericTriangulation.DelaunayGenericAlgorithm+mesh_store+point_store,35203.495298303,40.2492235949962,8,DelaunayGenericTriangulation.DelaunayGenericAlgorithm+mesh_store+point_store,DelaunayGenericTriangulation.DelaunayGenericAlgorithm+mesh_store+point_store,DelaunayGenericTriangulation.DelaunayGenericAlgorithm+mesh_store+point_store,DelaunayGenericTriangulation.DelaunayGenericAlgorithm+mesh_store+edge_store,DelaunayGenericTriangulation.DelaunayGenericAlgorithm+mesh_store+edge_store,DelaunayGenericTriangulation.DelaunayGenericAlgorithm+mesh_store+edge_store,DelaunayGenericTriangulation.DelaunayGenericAlgorithm+mesh_store+point_store,DelaunayGenericTriangulation.DelaunayGenericAlgorithm+mesh_store+point_store,874.63787258444,35203.495298303,40.2492235949962
DelaunayGenericTriangulation.DelaunayGenericAlgorithm+mesh_store+triangle_store,9,DelaunayGenericTriangulation.DelaunayGenericAlgorithm+mesh_store+point_store,DelaunayGenericTriangulation.DelaunayGenericAlgorithm+mesh_store+point_store,DelaunayGenericTriangulation.DelaunayGenericAlgorithm+mesh_store+point_store,DelaunayGenericTriangulation.DelaunayGenericAlgorithm+mesh_store+point_store,DelaunayGenericTriangulation.DelaunayGenericAlgorithm+mesh_store+edge_store,DelaunayGenericTriangulation.DelaunayGenericAlgorithm+mesh_store+edge_store,DelaunayGenericTriangulation.DelaunayGenericAlgorithm+mesh_store+edge_store,DelaunayGenericTriangulation.DelaunayGenericAlgorithm+mesh_store+point_store,100259.379529483,62784.3122125265,9,DelaunayGenericTriangulation.DelaunayGenericAlgorithm+mesh_store+point_store,DelaunayGenericTriangulation.DelaunayGenericAlgorithm+mesh_store+point_store,DelaunayGenericTriangulation.DelaunayGenericAlgorithm+mesh_store+point_store,DelaunayGenericTriangulation.DelaunayGenericAlgorithm+mesh_store+edge_store,DelaunayGenericTriangulation.DelaunayGenericAlgorithm+mesh_store+edge_store,DelaunayGenericTriangulation.DelaunayGenericAlgorithm+mesh_store+edge_store,DelaunayGenericTriangulation.DelaunayGenericAlgorithm+mesh_store+point_store,DelaunayGenericTriangulation.DelaunayGenericAlgorithm+mesh_store+point_store,1.5968858461028,100259.379529483,62784.3122125265
DelaunayGenericTriangulation.DelaunayGenericAlgorithm+mesh_store+triangle_store,10,DelaunayGenericTriangulation.DelaunayGenericAlgorithm+mesh_store+point_store,DelaunayGenericTriangulation.DelaunayGenericAlgorithm+mesh_store+point_store,DelaunayGenericTriangulation.DelaunayGenericAlgorithm+mesh_store+point_store,DelaunayGenericTriangulation.DelaunayGenericAlgorithm+mesh_store+point_store,DelaunayGenericTriangulation.DelaunayGenericAlgorithm+mesh_store+edge_store,DelaunayGenericTriangulation.DelaunayGenericAlgorithm+mesh_store+edge_store,DelaunayGenericTriangulation.DelaunayGenericAlgorithm+mesh_store+edge_store,DelaunayGenericTriangulation.DelaunayGenericAlgorithm+mesh_store+point_store,63208.3058857945,18,10,DelaunayGenericTriangulation.DelaunayGenericAlgorithm+mesh_store+point_store,DelaunayGenericTriangulation.DelaunayGenericAlgorithm+mesh_store+point_store,DelaunayGenericTriangulation.DelaunayGenericAlgorithm+mesh_store+point_store,DelaunayGenericTriangulation.DelaunayGenericAlgorithm+mesh_store+edge_store,DelaunayGenericTriangulation.DelaunayGenericAlgorithm+mesh_store+edge_store,DelaunayGenericTriangulation.DelaunayGenericAlgorithm+mesh_store+edge_store,DelaunayGenericTriangulation.DelaunayGenericAlgorithm+mesh_store+point_store,DelaunayGenericTriangulation.DelaunayGenericAlgorithm+mesh_store+point_store,3511.5725492108,63208.3058857945,18
DelaunayGenericTriangulation.DelaunayGenericAlgorithm+mesh_store+triangle_store,11,DelaunayGenericTriangulation.DelaunayGenericAlgorithm+mesh_store+point_store,DelaunayGenericTriangulation.DelaunayGenericAlgorithm+mesh_store+point_store,DelaunayGenericTriangulation.DelaunayGenericAlgorithm+mesh_store+point_store,DelaunayGenericTriangulation.DelaunayGenericAlgorithm+mesh_store+point_store,DelaunayGenericTriangulation.DelaunayGenericAlgorithm+mesh_store+edge_store,DelaunayGenericTriangulation.DelaunayGenericAlgorithm+mesh_store+edge_store,DelaunayGenericTriangulation.DelaunayGenericAlgorithm+mesh_store+edge_store,DelaunayGenericTriangulation.DelaunayGenericAlgorithm+mesh_store+point_store,28.4604989415154,18,11,DelaunayGenericTriangulation.DelaunayGenericAlgorithm+mesh_store+point_store,DelaunayGenericTriangulation.DelaunayGenericAlgorithm+mesh_store+point_store,DelaunayGenericTriangulation.DelaunayGenericAlgorithm+mesh_store+point_store,DelaunayGenericTriangulation.DelaunayGenericAlgorithm+mesh_store+edge_store,DelaunayGenericTriangulation.DelaunayGenericAlgorithm+mesh_store+edge_store,DelaunayGenericTriangulation.DelaunayGenericAlgorithm+mesh_store+edge_store,DelaunayGenericTriangulation.DelaunayGenericAlgorithm+mesh_store+point_store,DelaunayGenericTriangulation.DelaunayGenericAlgorithm+mesh_store+point_store,1.58113883008419,28.4604989415154,18
DelaunayGenericTriangulation.DelaunayGenericAlgorithm+mesh_store+triangle_store,12,DelaunayGenericTriangulation.DelaunayGenericAlgorithm+mesh_store+point_store,DelaunayGenericTriangulation.DelaunayGenericAlgorithm+mesh_store+point_store,DelaunayGenericTriangulation.DelaunayGenericAlgorithm+mesh_store+point_store,DelaunayGenericTriangulation.DelaunayGenericAlgorithm+mesh_store+point_store,DelaunayGenericTriangulation.DelaunayGenericAlgorithm+mesh_store+edge_store,DelaunayGenericTriangulation.DelaunayGenericAlgorithm+mesh_store+edge_store,DelaunayGenericTriangulation.DelaunayGenericAlgorithm+mesh_store+edge_store,DelaunayGenericTriangulation.DelaunayGenericAlgorithm+mesh_store+point_store,47.3035410936644,52.4785670536077,12,DelaunayGenericTriangulation.DelaunayGenericAlgorithm+mesh_store+point_store,DelaunayGenericTriangulation.DelaunayGenericAlgorithm+mesh_store+point_store,DelaunayGenericTriangulation.DelaunayGenericAlgorithm+mesh_store+point_store,DelaunayGenericTriangulation.DelaunayGenericAlgorithm+mesh_store+edge_store,DelaunayGenericTriangulation.DelaunayGenericAlgorithm+mesh_store+edge_store,DelaunayGenericTriangulation.DelaunayGenericAlgorithm+mesh_store+edge_store,DelaunayGenericTriangulation.DelaunayGenericAlgorithm+mesh_store+point_store,DelaunayGenericTriangulation.DelaunayGenericAlgorithm+mesh_store+point_store,0.901387818865997,47.3035410936644,52.4785670536077
DelaunayGenericTriangulation.DelaunayGenericAlgorithm+mesh_store+triangle_store,13,DelaunayGenericTriangulation.DelaunayGenericAlgorithm+mesh_store+point_store,DelaunayGenericTriangulation.DelaunayGenericAlgorithm+mesh_store+point_store,DelaunayGenericTriangulation.DelaunayGenericAlgorithm+mesh_store+point_store,DelaunayGenericTriangulation.DelaunayGenericAlgorithm+mesh_store+point_store,DelaunayGenericTriangulation.DelaunayGenericAlgorithm+mesh_store+edge_store,DelaunayGenericTriangulation.DelaunayGenericAlgorithm+mesh_store+edge_store,DelaunayGenericTriangulation.DelaunayGenericAlgorithm+mesh_store+edge_store,DelaunayGenericTriangulation.DelaunayGenericAlgorithm+mesh_store+point_store,47.3035410936644,52.4785670536077,13,DelaunayGenericTriangulation.DelaunayGenericAlgorithm+mesh_store+point_store,DelaunayGenericTriangulation.DelaunayGenericAlgorithm+mesh_store+point_store,DelaunayGenericTriangulation.DelaunayGenericAlgorithm+mesh_store+point_store,DelaunayGenericTriangulation.DelaunayGenericAlgorithm+mesh_store+edge_store,DelaunayGenericTriangulation.DelaunayGenericAlgorithm+mesh_store+edge_store,DelaunayGenericTriangulation.DelaunayGenericAlgorithm+mesh_store+edge_store,DelaunayGenericTriangulation.DelaunayGenericAlgorithm+mesh_store+point_store,DelaunayGenericTriangulation.DelaunayGenericAlgorithm+mesh_store+point_store,0.901387818865997,47.3035410936644,52.4785670536077
DelaunayGenericTriangulation.DelaunayGenericAlgorithm+mesh_store+triangle_store,14,DelaunayGenericTriangulation.DelaunayGenericAlgorithm+mesh_store+point_store,DelaunayGenericTriangulation.DelaunayGenericAlgorithm+mesh_store+point_store,DelaunayGenericTriangulation.DelaunayGenericAlgorithm+mesh_store+point_store,DelaunayGenericTriangulation.DelaunayGenericAlgorithm+mesh_store+point_store,DelaunayGenericTriangulation.DelaunayGenericAlgorithm+mesh_store+edge_store,DelaunayGenericTriangulation.DelaunayGenericAlgorithm+mesh_store+edge_store,DelaunayGenericTriangulation.DelaunayGenericAlgorithm+mesh_store+edge_store,DelaunayGenericTriangulation.DelaunayGenericAlgorithm+mesh_store+point_store,28.4604989415154,18,14,DelaunayGenericTriangulation.DelaunayGenericAlgorithm+mesh_store+point_store,DelaunayGenericTriangulation.DelaunayGenericAlgorithm+mesh_store+point_store,DelaunayGenericTriangulation.DelaunayGenericAlgorithm+mesh_store+point_store,DelaunayGenericTriangulation.DelaunayGenericAlgorithm+mesh_store+edge_store,DelaunayGenericTriangulation.DelaunayGenericAlgorithm+mesh_store+edge_store,DelaunayGenericTriangulation.DelaunayGenericAlgorithm+mesh_store+edge_store,DelaunayGenericTriangulation.DelaunayGenericAlgorithm+mesh_store+point_store,DelaunayGenericTriangulation.DelaunayGenericAlgorithm+mesh_store+point_store,1.58113883008419,28.4604989415154,18
DelaunayGenericTriangulation.DelaunayGenericAlgorithm+mesh_store+triangle_store,15,DelaunayGenericTriangulation.DelaunayGenericAlgorithm+mesh_store+point_store,DelaunayGenericTriangulation.DelaunayGenericAlgorithm+mesh_store+point_store,DelaunayGenericTriangulation.DelaunayGenericAlgorithm+mesh_store+point_store,DelaunayGenericTriangulation.DelaunayGenericAlgorithm+mesh_store+point_store,DelaunayGenericTriangulation.DelaunayGenericAlgorithm+mesh_store+edge_store,DelaunayGenericTriangulation.DelaunayGenericAlgorithm+mesh_store+edge_store,DelaunayGenericTriangulation.DelaunayGenericAlgorithm+mesh_store+edge_store,DelaunayGenericTriangulation.DelaunayGenericAlgorithm+mesh_store+point_store,31536.4687499809,18,15,DelaunayGenericTriangulation.DelaunayGenericAlgorithm+mesh_store+point_store,DelaunayGenericTriangulation.DelaunayGenericAlgorithm+mesh_store+point_store,DelaunayGenericTriangulation.DelaunayGenericAlgorithm+mesh_store+point_store,DelaunayGenericTriangulation.DelaunayGenericAlgorithm+mesh_store+edge_store,DelaunayGenericTriangulation.DelaunayGenericAlgorithm+mesh_store+edge_store,DelaunayGenericTriangulation.DelaunayGenericAlgorithm+mesh_store+edge_store,DelaunayGenericTriangulation.DelaunayGenericAlgorithm+mesh_store+point_store,DelaunayGenericTriangulation.DelaunayGenericAlgorithm+mesh_store+point_store,1752.02604166561,31536.4687499809,18
DelaunayGenericTriangulation.DelaunayGenericAlgorithm+mesh_store+triangle_store,16,DelaunayGenericTriangulation.DelaunayGenericAlgorithm+mesh_store+point_store,DelaunayGenericTriangulation.DelaunayGenericAlgorithm+mesh_store+point_store,DelaunayGenericTriangulation.DelaunayGenericAlgorithm+mesh_store+point_store,DelaunayGenericTriangulation.DelaunayGenericAlgorithm+mesh_store+point_store,DelaunayGenericTriangulation.DelaunayGenericAlgorithm+mesh_store+edge_store,DelaunayGenericTriangulation.DelaunayGenericAlgorithm+mesh_store+edge_store,DelaunayGenericTriangulation.DelaunayGenericAlgorithm+mesh_store+edge_store,DelaunayGenericTriangulation.DelaunayGenericAlgorithm+mesh_store+point_store,28.4604989415154,18,16,DelaunayGenericTriangulation.DelaunayGenericAlgorithm+mesh_store+point_store,DelaunayGenericTriangulation.DelaunayGenericAlgorithm+mesh_store+point_store,DelaunayGenericTriangulation.DelaunayGenericAlgorithm+mesh_store+point_store,DelaunayGenericTriangulation.DelaunayGenericAlgorithm+mesh_store+edge_store,DelaunayGenericTriangulation.DelaunayGenericAlgorithm+mesh_store+edge_store,DelaunayGenericTriangulation.DelaunayGenericAlgorithm+mesh_store+edge_store,DelaunayGenericTriangulation.DelaunayGenericAlgorithm+mesh_store+point_store,DelaunayGenericTriangulation.DelaunayGenericAlgorithm+mesh_store+point_store,1.58113883008419,28.4604989415154,18
DelaunayGenericTriangulation.DelaunayGenericAlgorithm+mesh_store+triangle_store,17,DelaunayGenericTriangulation.DelaunayGenericAlgorithm+mesh_store+point_store,DelaunayGenericTriangulation.DelaunayGenericAlgorithm+mesh_store+point_store,DelaunayGenericTriangulation.DelaunayGenericAlgorithm+mesh_store+point_store,DelaunayGenericTriangulation.DelaunayGenericAlgorithm+mesh_store+point_store,DelaunayGenericTriangulation.DelaunayGenericAlgorithm+mesh_store+edge_store,DelaunayGenericTriangulation.DelaunayGenericAlgorithm+mesh_store+edge_store,DelaunayGenericTriangulation.DelaunayGenericAlgorithm+mesh_store+edge_store,DelaunayGenericTriangulation.DelaunayGenericAlgorithm+mesh_store+point_store,70600.334515073,40.2492235949962,17,DelaunayGenericTriangulation.DelaunayGenericAlgorithm+mesh_store+point_store,DelaunayGenericTriangulation.DelaunayGenericAlgorithm+mesh_store+point_store,DelaunayGenericTriangulation.DelaunayGenericAlgorithm+mesh_store+point_store,DelaunayGenericTriangulation.DelaunayGenericAlgorithm+mesh_store+edge_store,DelaunayGenericTriangulation.DelaunayGenericAlgorithm+mesh_store+edge_store,DelaunayGenericTriangulation.DelaunayGenericAlgorithm+mesh_store+edge_store,DelaunayGenericTriangulation.DelaunayGenericAlgorithm+mesh_store+point_store,DelaunayGenericTriangulation.DelaunayGenericAlgorithm+mesh_store+point_store,1754.07941344364,70600.334515073,40.2492235949962
DelaunayGenericTriangulation.DelaunayGenericAlgorithm+mesh_store+triangle_store,18,DelaunayGenericTriangulation.DelaunayGenericAlgorithm+mesh_store+point_store,DelaunayGenericTriangulation.DelaunayGenericAlgorithm+mesh_store+point_store,DelaunayGenericTriangulation.DelaunayGenericAlgorithm+mesh_store+point_store,DelaunayGenericTriangulation.DelaunayGenericAlgorithm+mesh_store+point_store,DelaunayGenericTriangulation.DelaunayGenericAlgorithm+mesh_store+edge_store,DelaunayGenericTriangulation.DelaunayGenericAlgorithm+mesh_store+edge_store,DelaunayGenericTriangulation.DelaunayGenericAlgorithm+mesh_store+edge_store,DelaunayGenericTriangulation.DelaunayGenericAlgorithm+mesh_store+point_store,28.4604989415154,18,18,DelaunayGenericTriangulation.DelaunayGenericAlgorithm+mesh_store+point_store,DelaunayGenericTriangulation.DelaunayGenericAlgorithm+mesh_store+point_store,DelaunayGenericTriangulation.DelaunayGenericAlgorithm+mesh_store+point_store,DelaunayGenericTriangulation.DelaunayGenericAlgorithm+mesh_store+edge_store,DelaunayGenericTriangulation.DelaunayGenericAlgorithm+mesh_store+edge_store,DelaunayGenericTriangulation.DelaunayGenericAlgorithm+mesh_store+edge_store,DelaunayGenericTriangulation.DelaunayGenericAlgorithm+mesh_store+point_store,DelaunayGenericTriangulation.DelaunayGenericAlgorithm+mesh_store+point_store,1.58113883008419,28.4604989415154,18
DelaunayGenericTriangulation.DelaunayGenericAlgorithm+mesh_store+triangle_store,19,DelaunayGenericTriangulation.DelaunayGenericAlgorithm+mesh_store+point_store,DelaunayGenericTriangulation.DelaunayGenericAlgorithm+mesh_store+point_store,DelaunayGenericTriangulation.DelaunayGenericAlgorithm+mesh_store+point_store,DelaunayGenericTriangulation.DelaunayGenericAlgorithm+mesh_store+point_store,DelaunayGenericTriangulation.DelaunayGenericAlgorithm+mesh_store+edge_store,DelaunayGenericTriangulation.DelaunayGenericAlgorithm+mesh_store+edge_store,DelaunayGenericTriangulation.DelaunayGenericAlgorithm+mesh_store+edge_store,DelaunayGenericTriangulation.DelaunayGenericAlgorithm+mesh_store+point_store,45,54,19,DelaunayGenericTriangulation.DelaunayGenericAlgorithm+mesh_store+point_store,DelaunayGenericTriangulation.DelaunayGenericAlgorithm+mesh_store+point_store,DelaunayGenericTriangulation.DelaunayGenericAlgorithm+mesh_store+point_store,DelaunayGenericTriangulation.DelaunayGenericAlgorithm+mesh_store+edge_store,DelaunayGenericTriangulation.DelaunayGenericAlgorithm+mesh_store+edge_store,DelaunayGenericTriangulation.DelaunayGenericAlgorithm+mesh_store+edge_store,DelaunayGenericTriangulation.DelaunayGenericAlgorithm+mesh_store+point_store,DelaunayGenericTriangulation.DelaunayGenericAlgorithm+mesh_store+point_store,0.833333333333333,45,54
DelaunayGenericTriangulation.DelaunayGenericAlgorithm+mesh_store+triangle_store,20,DelaunayGenericTriangulation.DelaunayGenericAlgorithm+mesh_store+point_store,DelaunayGenericTriangulation.DelaunayGenericAlgorithm+mesh_store+point_store,DelaunayGenericTriangulation.DelaunayGenericAlgorithm+mesh_store+point_store,DelaunayGenericTriangulation.DelaunayGenericAlgorithm+mesh_store+point_store,DelaunayGenericTriangulation.DelaunayGenericAlgorithm+mesh_store+edge_store,DelaunayGenericTriangulation.DelaunayGenericAlgorithm+mesh_store+edge_store,DelaunayGenericTriangulation.DelaunayGenericAlgorithm+mesh_store+edge_store,DelaunayGenericTriangulation.DelaunayGenericAlgorithm+mesh_store+point_store,33.5410196624968,38.1837661840736,20,DelaunayGenericTriangulation.DelaunayGenericAlgorithm+mesh_store+point_store,DelaunayGenericTriangulation.DelaunayGenericAlgorithm+mesh_store+point_store,DelaunayGenericTriangulation.DelaunayGenericAlgorithm+mesh_store+point_store,DelaunayGenericTriangulation.DelaunayGenericAlgorithm+mesh_store+edge_store,DelaunayGenericTriangulation.DelaunayGenericAlgorithm+mesh_store+edge_store,DelaunayGenericTriangulation.DelaunayGenericAlgorithm+mesh_store+edge_store,DelaunayGenericTriangulation.DelaunayGenericAlgorithm+mesh_store+point_store,DelaunayGenericTriangulation.DelaunayGenericAlgorithm+mesh_store+point_store,0.878410461157883,33.5410196624968,38.1837661840736
DelaunayGenericTriangulation.DelaunayGenericAlgorithm+mesh_store+triangle_store,21,DelaunayGenericTriangulation.DelaunayGenericAlgorithm+mesh_store+point_store,DelaunayGenericTriangulation.DelaunayGenericAlgorithm+mesh_store+point_store,DelaunayGenericTriangulation.DelaunayGenericAlgorithm+mesh_store+point_store,DelaunayGenericTriangulation.DelaunayGenericAlgorithm+mesh_store+point_store,DelaunayGenericTriangulation.DelaunayGenericAlgorithm+mesh_store+edge_store,DelaunayGenericTriangulation.DelaunayGenericAlgorithm+mesh_store+edge_store,DelaunayGenericTriangulation.DelaunayGenericAlgorithm+mesh_store+edge_store,DelaunayGenericTriangulation.DelaunayGenericAlgorithm+mesh_store+point_store,44478.3502227182,38.1837661840736,21,DelaunayGenericTriangulation.DelaunayGenericAlgorithm+mesh_store+point_store,DelaunayGenericTriangulation.DelaunayGenericAlgorithm+mesh_store+point_store,DelaunayGenericTriangulation.DelaunayGenericAlgorithm+mesh_store+point_store,DelaunayGenericTriangulation.DelaunayGenericAlgorithm+mesh_store+edge_store,DelaunayGenericTriangulation.DelaunayGenericAlgorithm+mesh_store+edge_store,DelaunayGenericTriangulation.DelaunayGenericAlgorithm+mesh_store+edge_store,DelaunayGenericTriangulation.DelaunayGenericAlgorithm+mesh_store+point_store,DelaunayGenericTriangulation.DelaunayGenericAlgorithm+mesh_store+point_store,1164.84974290645,44478.3502227182,38.1837661840736
DelaunayGenericTriangulation.DelaunayGenericAlgorithm+mesh_store+triangle_store,22,DelaunayGenericTriangulation.DelaunayGenericAlgorithm+mesh_store+point_store,DelaunayGenericTriangulation.DelaunayGenericAlgorithm+mesh_store+point_store,DelaunayGenericTriangulation.DelaunayGenericAlgorithm+mesh_store+point_store,DelaunayGenericTriangulation.DelaunayGenericAlgorithm+mesh_store+point_store,DelaunayGenericTriangulation.DelaunayGenericAlgorithm+mesh_store+edge_store,DelaunayGenericTriangulation.DelaunayGenericAlgorithm+mesh_store+edge_store,DelaunayGenericTriangulation.DelaunayGenericAlgorithm+mesh_store+edge_store,DelaunayGenericTriangulation.DelaunayGenericAlgorithm+mesh_store+point_store,37.1079506305589,18,22,DelaunayGenericTriangulation.DelaunayGenericAlgorithm+mesh_store+point_store,DelaunayGenericTriangulation.DelaunayGenericAlgorithm+mesh_store+point_store,DelaunayGenericTriangulation.DelaunayGenericAlgorithm+mesh_store+point_store,DelaunayGenericTriangulation.DelaunayGenericAlgorithm+mesh_store+edge_store,DelaunayGenericTriangulation.DelaunayGenericAlgorithm+mesh_store+edge_store,DelaunayGenericTriangulation.DelaunayGenericAlgorithm+mesh_store+edge_store,DelaunayGenericTriangulation.DelaunayGenericAlgorithm+mesh_store+point_store,DelaunayGenericTriangulation.DelaunayGenericAlgorithm+mesh_store+point_store,2.06155281280883,37.1079506305589,18
DelaunayGenericTriangulation.DelaunayGenericAlgorithm+mesh_store+triangle_store,23,DelaunayGenericTriangulation.DelaunayGenericAlgorithm+mesh_store+point_store,DelaunayGenericTriangulation.DelaunayGenericAlgorithm+mesh_store+point_store,DelaunayGenericTriangulation.DelaunayGenericAlgorithm+mesh_store+point_store,DelaunayGenericTriangulation.DelaunayGenericAlgorithm+mesh_store+point_store,DelaunayGenericTriangulation.DelaunayGenericAlgorithm+mesh_store+edge_store,DelaunayGenericTriangulation.DelaunayGenericAlgorithm+mesh_store+edge_store,DelaunayGenericTriangulation.DelaunayGenericAlgorithm+mesh_store+edge_store,DelaunayGenericTriangulation.DelaunayGenericAlgorithm+mesh_store+point_store,44299.697315219,38.1837661840736,23,DelaunayGenericTriangulation.DelaunayGenericAlgorithm+mesh_store+point_store,DelaunayGenericTriangulation.DelaunayGenericAlgorithm+mesh_store+point_store,DelaunayGenericTriangulation.DelaunayGenericAlgorithm+mesh_store+point_store,DelaunayGenericTriangulation.DelaunayGenericAlgorithm+mesh_store+edge_store,DelaunayGenericTriangulation.DelaunayGenericAlgorithm+mesh_store+edge_store,DelaunayGenericTriangulation.DelaunayGenericAlgorithm+mesh_store+edge_store,DelaunayGenericTriangulation.DelaunayGenericAlgorithm+mesh_store+point_store,DelaunayGenericTriangulation.DelaunayGenericAlgorithm+mesh_store+point_store,1160.1709768927,44299.697315219,38.1837661840736
DelaunayGenericTriangulation.DelaunayGenericAlgorithm+mesh_store+triangle_store,24,DelaunayGenericTriangulation.DelaunayGenericAlgorithm+mesh_store+point_store,DelaunayGenericTriangulation.DelaunayGenericAlgorithm+mesh_store+point_store,DelaunayGenericTriangulation.DelaunayGenericAlgorithm+mesh_store+point_store,DelaunayGenericTriangulation.DelaunayGenericAlgorithm+mesh_store+point_store,DelaunayGenericTriangulation.DelaunayGenericAlgorithm+mesh_store+edge_store,DelaunayGenericTriangulation.DelaunayGenericAlgorithm+mesh_store+edge_store,DelaunayGenericTriangulation.DelaunayGenericAlgorithm+mesh_store+edge_store,DelaunayGenericTriangulation.DelaunayGenericAlgorithm+mesh_store+point_store,31360.6323718859,54,24,DelaunayGenericTriangulation.DelaunayGenericAlgorithm+mesh_store+point_store,DelaunayGenericTriangulation.DelaunayGenericAlgorithm+mesh_store+point_store,DelaunayGenericTriangulation.DelaunayGenericAlgorithm+mesh_store+point_store,DelaunayGenericTriangulation.DelaunayGenericAlgorithm+mesh_store+edge_store,DelaunayGenericTriangulation.DelaunayGenericAlgorithm+mesh_store+edge_store,DelaunayGenericTriangulation.DelaunayGenericAlgorithm+mesh_store+edge_store,DelaunayGenericTriangulation.DelaunayGenericAlgorithm+mesh_store+point_store,DelaunayGenericTriangulation.DelaunayGenericAlgorithm+mesh_store+point_store,580.752451331221,31360.6323718859,54
